Character,Series,Age,Note
Hinata Kawamoto,3-gatsu no Lion,13-15,
Chiyuri Kurashima,Accel World,15-17,
Fuuko Kurasaki,Accel World,16,
Haruyuki Arita,Accel World,13 / 14,
Kuroyukihime,Accel World,14 /15,
Takumu Mayuzumi,Accel World,15-17,
Yuniko Kozuki,Accel World,11,
Kannabi no Mikoto,Air,16 / 17,
Kano Kirishima,Air,16 / 17,
Minagi Tohno,Air,16 / 17,
Misuzu Kamio,Air,16 / 17,
Yona,Akatsuki no Yona,16,
Yoon,Akatsuki no Yona,15,
Zeno,Akatsuki no Yona,17,
Ai Nanasaki,Amagami,16 / 17,
Hikari Tsuneki,Amagami,16 / 17,
Kaoru Tanamachi,Amagami,16 / 17,Only if she's wearing a HS uniform
Makoto Kamizaki,Amagami,16 / 17,
Miu Hiyama,Amagami,16 / 17,
Miya Tachibana,Amagami,15 / 16,
Shouichi Kamita,Amagami,16 / 17,
Isuzu Sento,Amagi Brilliant Park,15 / 16,
Latifa Fleuranza,Amagi Brilliant Park,14 / 15,
Atsumu Matsuyuki,Ano hi Mita Hana no Namae wo Bokutachi wa Mada Shiranai,15,
Chiriko Tsurumi,Ano hi Mita Hana no Namae wo Bokutachi wa Mada Shiranai,15,
Jinta Yadomi,Ano hi Mita Hana no Namae wo Bokutachi wa Mada Shiranai,15 / 16,
Meiko Honma,Ano hi Mita Hana no Namae wo Bokutachi wa Mada Shiranai,15 / 16,
Naruko Anjou,Ano hi Mita Hana no Namae wo Bokutachi wa Mada Shiranai,<17,
Tetsudo Hisakawa,Ano hi Mita Hana no Namae wo Bokutachi wa Mada Shiranai,15 / 16,
Kaito Kirishima,Ano Natsu de Matteru,15,
Kanna Tanigawa,Ano Natsu de Matteru,16,
Mio Kitahara,Ano Natsu de Matteru,15,
Ikuo Takabayashi,Another,15,
Izumi Akazawa,Another,14 / 15,
Kenzou Kawahori,Another,15,
Kouichi Sakakibara,Another,15,
Misaki Fujioka,Another,15,
Naoya Teshigawara,Another,15,
Noboru Saruta,Another,15,
Shigeki Yonemura,Another,15,
Takako Sugiura,Another,15,
Takeru Mizuno,Another,15,
Tomohiko Kazami,Another,15,
Yukari Sakuragi,Another,15,
Yuuya Mochizuki,Another,15,
Ao Hojo,Ao no Exorcist,17,
Izumo Kamiki,Ao no Exorcist,16,
Konekomaru Miwa,Ao no Exorcist,15,
Nemu Takara,Ao no Exorcist,16,
Reiji Shiratori,Ao no Exorcist,16,
Renzo Shima,Ao no Exorcist,16,
Rin Okumura,Ao no Exorcist,16,
Ryuji Suguro,Ao no Exorcist,16,
Shiemi Moriyama,Ao no Exorcist,15,
Yukio Okumura,Ao no Exorcist,16,
Amata Sora,Aquarion Evol,16,
Kagura Demuri,Aquarion Evol,16,
Mikono Suzushiro,Aquarion Evol,16,
Zessica Wong,Aquarion Evol,17,
Akane Inuwaka,Arcana Heart,16,
Angelia Avallone,Arcana Heart,10,
Catherine Kyoubashi,Arcana Heart,12,
Dorothy Albright,Arcana Heart,9,
Fiona Mayfield,Arcana Heart,13,
Heart Aino,Arcana Heart,14,
Kamui Tokinomiya,Arcana Heart,16,
Kira Daidouji,Arcana Heart,11,
Konoha,Arcana Heart,13,
Lieselotte Achenbach,Arcana Heart,10,
Lilica Felchenerow,Arcana Heart,14,
Maori Kasuga,Arcana Heart,14,
Mei-Fang,Arcana Heart,17,
Mildred Avallone,Arcana Heart,17,
Nazuna Inuwaka,Arcana Heart,13,
Petra Johanna Lagerkvist,Arcana Heart,14,
Saki Tsuzura,Arcana Heart,14,
Scharlachrot,Arcana Heart,14,
Tsuzune Kasuga,Arcana Heart,16,
Weiss,Arcana Heart,14,
Yoriko Yasuzumi,Arcana Heart,14,
Aika S Granzchesta,Aria,16,
Akari Mizunashi,Aria,15,
Alice Carroll,Aria,14,
Amiya,Arknights,14~,
Aiko Kudou,Baka to Test to Shoukanjuu,16 / 17,
Akihisa Yoshii,Baka to Test to Shoukanjuu,17,
Genji Hiraga,Baka to Test to Shoukanjuu,16 / 17,
Hiromi Nakabayashi,Baka to Test to Shoukanjuu,16 / 17,
Kouta Tsuchiya,Baka to Test to Shoukanjuu,16 / 17,
Miharu Shimizu,Baka to Test to Shoukanjuu,16 / 17,
Minami Shimada,Baka to Test to Shoukanjuu,16 / 17,
Mizuki Himeji,Baka to Test to Shoukanjuu,16 / 17,
Shouko Kirishima,Baka to Test to Shoukanjuu,16 / 17,
Toshimitsu Kubo,Baka to Test to Shoukanjuu,16 / 17,
Yoshiko Mikami,Baka to Test to Shoukanjuu,16 / 17,
Yuuka Koyama,Baka to Test to Shoukanjuu,16 / 17,
Karen Araragi,Bakemonogatari,14 / 15,
Mayoi Hachikuji,Bakemonogatari,11,
Nadeko Sengoku,Bakemonogatari,13 / 14,
Ougi Oshino,Bakemonogatari,15,
Shinobu Oshino,Bakemonogatari,8,
Suruga Kanbaru,Bakemonogatari,16 / 17,
Tsukihi Araragi,Bakemonogatari,13 / 14,
Yotsugi Ononoki,Bakemonogatari,12,
Ako Udagawa,Bang Dream,14-16,
Arisa Ichigaya,Bang Dream,15-17,
Chiyu Tamade / CHUCHU,Bang Dream,14,
Eve Wakamiya,Bang Dream,16 / 17,
Hagumi Kitazawa,Bang Dream,16 / 17,
Himari Uehara,Bang Dream,16 / 17,
Kasumi Toyama,Bang Dream,15-17,
Kokoro Tsurumaki,Bang Dream,16 / 17,
Mashiro Kurata,Bang Dream,15 / 16,
Masuki Satou / MASKING,Bang Dream,16 / 17,
Misaki Okusawa,Bang Dream,16 / 17,
Moca Aoba,Bang Dream,16 / 17,
Nanami Hiromachi,Bang Dream,15 / 16,
Natsuki Umino,Bang Dream,16 / 17,
Ran Mitake,Bang Dream,16 / 17,
Rei Wakana / LAYER,Bang Dream,16 / 17,
Reona Nyubara / PAREO,Bang Dream,13 / 14,
Rimi Ushigome,Bang Dream,15-17,
Rokka Asahi / LOCK,Bang Dream,15 / 16,
Rui Yashio,Bang Dream,15 / 16,
Saaya Yamabuki,Bang Dream,15-17,
Tae Hanazono,Bang Dream,15-17,
Tomoe Udagawa,Bang Dream,16 / 17,
Touko Kirigaya,Bang Dream,15 / 16,
Tsugumi Hazawa,Bang Dream,16 / 17,
Tsukushi Futaba,Bang Dream,15 / 16,
Ciel Phantomhive,Black Butler,13,
Asta,Black Clover,15-17,
Chizuru Honsho,Bleach,16,Unless it takes place after the epilogue
Ichigo Kurosaki,Bleach,15-17,Unless it takes place after the epilogue
Karin Kurosaki,Bleach,11-13,Unless it takes place after the epilogue
Keigo Asano,Bleach,15-17,Unless it takes place after the epilogue
Mizuiro Kojima,Bleach,15-17,Unless it takes place after the epilogue
Orihime Inoue,Bleach,15-17,Unless it takes place after the epilogue
Tatsuki Arisawa,Bleach,15-17,Unless it takes place after the epilogue
Uryuu Ishida,Bleach,15-17,Unless it takes place after the epilogue
Yuzu Kurosaki,Bleach,11-13,Unless it takes place after the epilogue
Hideri Kanzaki,Blend S,16,
Kaho Hinata,Blend S,17,
Maika Sakuranomiya,Blend S,16,
Eijiro Kirishima,Boku No Hero Academia / My Hero Academia | Boku No Hero Academia,15 / 16,
Himiko Toga,Boku No Hero Academia / My Hero Academia | Boku No Hero Academia,16 / 17,
Izuku Midoriya,Boku No Hero Academia / My Hero Academia | Boku No Hero Academia,14-16,
Katsuki Bakugo,Boku No Hero Academia / My Hero Academia | Boku No Hero Academia,14-16,
Mei Hatsume,Boku No Hero Academia / My Hero Academia | Boku No Hero Academia,16,
Mina Ashido,Boku No Hero Academia / My Hero Academia | Boku No Hero Academia,15 / 16,
Momo Yaoyorozu,Boku No Hero Academia / My Hero Academia | Boku No Hero Academia,15 / 16,
Ochako Uraraka,Boku No Hero Academia / My Hero Academia | Boku No Hero Academia,15 / 16,
Shoto Todoroki,Boku No Hero Academia / My Hero Academia | Boku No Hero Academia,15 / 16,
Tsuyu Asui,Boku No Hero Academia / My Hero Academia | Boku No Hero Academia,15 / 16,
Aoi Yusa,Boku wa Tomodachi ga Sukunai,17,
Karin Jinguuji,Boku wa Tomodachi ga Sukunai,17,
Kate Takayama,Boku wa Tomodachi ga Sukunai,16,
Kobato Hasegawa,Boku wa Tomodachi ga Sukunai,14,
Kodaka Hasegawa,Boku wa Tomodachi ga Sukunai,17,
Maria Takayama,Boku wa Tomodachi ga Sukunai,10,
Rika Shiguma,Boku wa Tomodachi ga Sukunai,16,
Sena Kashiwazaki,Boku wa Tomodachi ga Sukunai,17,
Yozora Mikazuki,Boku wa Tomodachi ga Sukunai,17,
Yukimura Kusunoki,Boku wa Tomodachi ga Sukunai,16,
Nariyuki Yuiga,Bokutachi wa Benkyou ga Dekinai,17,
Rizu Ogata,Bokutachi wa Benkyou ga Dekinai,17,
Denji,Chainsaw Man,16 / 17,
Misa Kurobane,Charlotte,16,
Nao Tomori,Charlotte,15,
Yusa Nishimori,Charlotte,15,
Yuu Otosaka,Charlotte,15 / 16,
Makoto Isshiki,Chuunibyou demo Koi ga Shitai,15-17,
Rikka Takanashi,Chuunibyou demo Koi ga Shitai,15-17,
Sanae Dekomori,Chuunibyou demo Koi ga Shitai,14-16,
Shinka Nibutani,Chuunibyou demo Koi ga Shitai,15-17,
Yuuta Togashi,Chuunibyou demo Koi ga Shitai,15-17,
Anya Alstreim,Code Geass,15,
C C,Code Geass,16,
Carine ne Britannia,Code Geass,15 / 16,
Euphemia li Britannia,Code Geass,16,
Gino Weinberg,Code Geass,15 / 16,
Laila la Britannia,Code Geass,15 / 16,
Marika Soresi,Code Geass,15,
Miya I Hillmick,Code Geass,16,
Monica Krushevsky,Code Geass,17,
Nunnally vi Britannia,Code Geass,14-17,
Rolo Lamperouge,Code Geass,15 / 16,
Hotaru Shidare,Dagashi Kashi,17,
Kokonotsu Shikada,Dagashi Kashi,15 / 16,
Aotsuki Wakana,daiya no ace / daiya no ace | ace of diamond,15 / 16,
Furuya Satoru,daiya no ace / daiya no ace | ace of diamond,15 / 16,
Kominato Haruichi,daiya no ace / daiya no ace | ace of diamond,15 / 16,
Miyuki Kazuya,daiya no ace / daiya no ace | ace of diamond,15-17,
Natsukawa Yui,daiya no ace / daiya no ace | ace of diamond,16 / 17,
Okumura Koushuu,daiya no ace / daiya no ace | ace of diamond,15 / 16,
Sawamura Eijun,daiya no ace / daiya no ace | ace of diamond,15-17,
Umemoto Sachiko,daiya no ace / daiya no ace | ace of diamond,16 / 17,
Yoshikawa Haruno,daiya no ace / daiya no ace | ace of diamond,15-17,
Futoshi,Darling in the FRANXX,14-17,Unless it takes place after the timeskip
Goro,Darling in the FRANXX,14-17,Unless it takes place after the timeskip
Hiro,Darling in the FRANXX,14-17,Unless it takes place after the timeskip
Ichigo,Darling in the FRANXX,14-17,Unless it takes place after the timeskip
Ikuno,Darling in the FRANXX,14-17,Unless it takes place after the timeskip
Kokoro,Darling in the FRANXX,14-17,Unless it takes place after the timeskip
Miku,Darling in the FRANXX,14-17,Unless it takes place after the timeskip
Mitsuru,Darling in the FRANXX,14-17,Unless it takes place after the timeskip
Zorome,Darling in the FRANXX,14-17,Unless it takes place after the timeskip
Ashley Sinclair,Date a Live,15,
Cecile O'Brien,Date a Live,17,
Kotori Itsuka,Date a Live,13-15,
Kurumi Tokisaki,Date a Live,17,
Mikie Okamine,Date a Live,15,
Miku Izayo,Date a Live,17,
Yoshino Himekawa,Date a Live,13 / 14,
Atsushi Kimishita,Days,17,
Chikako Ubukata,Days,15,
Hiroyuki Kurusu,Days,15,
Hisahito Mizuki,Days,17,
Jin Kazama,Days,15,
Kiichi Ooshiba,Days,17,
Sayuri Tachibana,Days,16,
Tetsuya Nitobe,Days,15,
Tsukushi Tsukamoto,Days,15,
Hikari Takanashi,Demi-chan wa Kataritai,15,
Himari Takanashi,Demi-chan wa Kataritai,15,
Kyoko Machi,Demi-chan wa Kataritai,16,
Yuki Kusakabe,Demi-chan wa Kataritai,15,
Heiji Hattori,Detective Conan,17,
Kaito Kuroba,Detective Conan,17,
Kazuha Toyama,Detective Conan,17,
Ran Mouri,Detective Conan,16 / 17,
Shinichi Kudo,Detective Conan,16 / 17,
Sonoko Suzuki,Detective Conan,17,
Cinque Izumi,Dog Days,13,
Eclair Martinozzi,Dog Days,14,
Leonmitchelli Galette des Rois,Dog Days,16,
Millhiore Firianno Biscotti,Dog Days,13,
Nanami Takatsuki,Dog Days,15 / 16,
Noir VinoCacao,Dog Days,14,
Rebecca Anderson,Dog Days,13,
Ricotta Elmar,Dog Days,13,
Aguri Madoka,Dokidoki Precure,14,
Alice Yotsuba,Dokidoki Precure,14,
Makoto Kenzaki,Dokidoki Precure,14,
Mana Aida,Dokidoki Precure,14,
Rikka Hishikawa,Dokidoki Precure,14,
Rui Tachibana,Domestic na Kanojo,16,Before timeskip
Akemi Soryuin,Dumbbell Nan Kilo Moteru,17,
Gina Boyd,Dumbbell Nan Kilo Moteru,17,
Sakura Hibiki,Dumbbell Nan Kilo Moteru,17,
Uehara Ayaka,Dumbbell Nan Kilo Moteru,17,
Uehara Ayaka / Ayaka Uehara,Dumbbell Nan Kilo Moteru,17,
Ais Wallenstein,Dungeon ni Deai o Motomeru no wa Machigatteiru Darou ka,15,
Bell Cranel,Dungeon ni Deai o Motomeru no wa Machigatteiru Darou ka,14,
Clarice Boyd,Dungeon ni Deai o Motomeru no wa Machigatteiru Darou ka,17,
Coco Collins,Dungeon ni Deai o Motomeru no wa Machigatteiru Darou ka,16,
Elfy Colette,Dungeon ni Deai o Motomeru no wa Machigatteiru Darou ka,16,
Emma Flores,Dungeon ni Deai o Motomeru no wa Machigatteiru Darou ka,16,
Estelle Ward,Dungeon ni Deai o Motomeru no wa Machigatteiru Darou ka,17,
Gina Gwen,Dungeon ni Deai o Motomeru no wa Machigatteiru Darou ka,15,
Gita Meyers,Dungeon ni Deai o Motomeru no wa Machigatteiru Darou ka,17,
Iris Bennett,Dungeon ni Deai o Motomeru no wa Machigatteiru Darou ka,16,
Karen Morris,Dungeon ni Deai o Motomeru no wa Machigatteiru Darou ka,16,
Lefiya Viridis,Dungeon ni Deai o Motomeru no wa Machigatteiru Darou ka,13,
Lena Tally,Dungeon ni Deai o Motomeru no wa Machigatteiru Darou ka,14,
Leo Diaz,Dungeon ni Deai o Motomeru no wa Machigatteiru Darou ka,16,
Liliruca Arde,Dungeon ni Deai o Motomeru no wa Machigatteiru Darou ka,15,
Line Arshe,Dungeon ni Deai o Motomeru no wa Machigatteiru Darou ka,17,
Love Silva,Dungeon ni Deai o Motomeru no wa Machigatteiru Darou ka,17,
Lucia Ramirez,Dungeon ni Deai o Motomeru no wa Machigatteiru Darou ka,14,
Marco Powell,Dungeon ni Deai o Motomeru no wa Machigatteiru Darou ka,10,
Oriana Drake,Dungeon ni Deai o Motomeru no wa Machigatteiru Darou ka,15,
Sanjouno Haruhime,Dungeon ni Deai o Motomeru no wa Machigatteiru Darou ka,16,
Shinonome Momiji,Dungeon ni Deai o Motomeru no wa Machigatteiru Darou ka,15,
Suu Lotti,Dungeon ni Deai o Motomeru no wa Machigatteiru Darou ka,15,
Tiona Hiryute,Dungeon ni Deai o Motomeru no wa Machigatteiru Darou ka,17,
Tione Hiryute,Dungeon ni Deai o Motomeru no wa Machigatteiru Darou ka,16,
Vivian Green,Dungeon ni Deai o Motomeru no wa Machigatteiru Darou ka,16,
Welf Crozzo,Dungeon ni Deai o Motomeru no wa Machigatteiru Darou ka,13,
Yamato Mikoto,Dungeon ni Deai o Motomeru no wa Machigatteiru Darou ka,16,
Inca Kasugatani,Enen no Shouboutai / Enen no Shouboutai | Fire Force,16,
Iris,Enen no Shouboutai / Enen no Shouboutai | Fire Force,16,
Nataku Son,Enen no Shouboutai / Enen no Shouboutai | Fire Force,11,
Shinra Kusakabe,Enen no Shouboutai / Enen no Shouboutai | Fire Force,17,
Tamaki Kotatsu,Enen no Shouboutai / Enen no Shouboutai | Fire Force,17,
Elf Yamada / Emily Granger,Eromanga Sensei,14,
Masamune Izumi,Eromanga Sensei,16,
Sagiri Izumi ,Eromanga Sensei,13,
Senju Muramasa,Eromanga Sensei,14,
Eureka,Eureka Seven,14-16,Adult in Eureka Seven AO
Renton Thurston,Eureka Seven,14-17,Adult in Eureka Seven AO
Romeo Conbolt,Fairy Tail,13,
Sherria Blendy,Fairy Tail,15,
Wendy Marvell,Fairy Tail,12,
Abigail Williams,Fate Grand Order / Fate Stay Night / Fate Apocrypha,12,
Euryale,Fate Grand Order / Fate Stay Night / Fate Apocrypha,?,"No set age, but underage"
Gray,Fate Grand Order / Fate Stay Night / Fate Apocrypha,15,Unless it takes place during / after Fate/strange Fake
Illyasviel von Einzbern,Fate Grand Order / Fate Stay Night / Fate Apocrypha,?,"No set age, but underage"
Irisviel von Einzbern,Fate Grand Order / Fate Stay Night / Fate Apocrypha,10,
Jack the Ripper,Fate Grand Order / Fate Stay Night / Fate Apocrypha,9-12~,
Mordred Pendragon,Fate Grand Order / Fate Stay Night / Fate Apocrypha,16,
Nursery Rhyme,Fate Grand Order / Fate Stay Night / Fate Apocrypha,?,"No set age, but underage"
Stheno,Fate Grand Order / Fate Stay Night / Fate Apocrypha,?,"No set age, but underage"
Wu Zetian,Fate Grand Order / Fate Stay Night / Fate Apocrypha,9-12~,
Garnet Til Alexandros XVII,Final Fantasy IX,16,
Zidane Tribal,Final Fantasy IX,16,
Krile Mayer Baldesion,Final Fantasy V,14,
Duane,Final Fantasy VI,16,
Gau,Final Fantasy VI,13,
Katarin,Final Fantasy VI,16,
Relm Arrowny,Final Fantasy VI,10,
Irvine Kinneas,Final Fantasy VIII,17,
Rinoa Heartilly,Final Fantasy VIII,17,
Selphie Tilmitt,Final Fantasy VIII,17,
Squall Leonhart,Final Fantasy VIII,17,
Zell Dincht,Final Fantasy VIII,17,
Rikku,Final Fantasy X,15-17,
Tidus,Final Fantasy X,17,
Larsa Ferrinas Solidor,Final Fantasy XII,12 / 13,
Alisaie Leveilleur,Final Fantasy XIV,16,
Alphinaud Leveilleur,Final Fantasy XIV,16,
Iris Amicitia,Final Fantasy XV,15,
Ai Hayakawa,Final Fantasy: Unlimited,12,
Yu Hayakawa,Final Fantasy: Unlimited,12,
Eri Ninamori,FLCL,12,
Hidomi Hibajiri,FLCL,14,
Kana Koumoto,FLCL,17,
Ko Ide,FLCL,14,
Mamimi Samejima,FLCL,17,
Naota Nandaba,FLCL,12,
Rei Ryugazaki,Free,15-17,
Makio Fujiyama,Fujiyama-san wa shishunki,14-15~,
Yuuichi Kanba,Fujiyama-san wa shishunki,14-15~,
Gabriel Tenma White,Gabriel Dropout,16,
Satanichia Kurumizawa Mcdowell,Gabriel Dropout,15 / 16,
Tapris Sugarbell Chisaki,Gabriel Dropout,14 / 15,
Vignette April Tsukinose,Gabriel Dropout,16~,
Ayato Amagiri,Gakusen Toshi Asterisk,16,
Kirin Toudou,Gakusen Toshi Asterisk,13,
Saya Sasamiya,Gakusen Toshi Asterisk,16,
Chiyo Sakura,Gekkan Shoujo Nozaki-kun,16,
Hirotaka Wakamatsu,Gekkan Shoujo Nozaki-kun,15 / 16,
Mikoto Mikoshiba,Gekkan Shoujo Nozaki-kun,16 / 17,
Umetarou Nozaki,Gekkan Shoujo Nozaki-kun,17,
Yuu Kashima,Gekkan Shoujo Nozaki-kun,16 / 17,
Yuzuki Seo,Gekkan Shoujo Nozaki-kun,16 / 17,
Miho Nishizumi,Girls und Panzer,16,
Yukari Akiyama,Girls und Panzer,16,
Megumi Amatsuka,gj-bu,15-16,
Chino Kafu,Gochuumon wa Usagi Desu ka,13-15,
Chiya Ujimatsu,Gochuumon wa Usagi Desu ka,15 / 16,
Kokoa Hoto,Gochuumon wa Usagi Desu ka,15 / 16,
Rize Tedeza,Gochuumon wa Usagi Desu ka,15 / 16,
Sharo Kirima,Gochuumon wa Usagi Desu ka,15 / 16,
Abby,Granblue Fantasy,14~,
Kolulu,Granblue Fantasy,11~,
Kou,Granblue Fantasy,12~,
Lilele,Granblue Fantasy,13~,
Lily,Granblue Fantasy,12~,
Melleau,Granblue Fantasy,14~,
Sara,Granblue Fantasy,9~,
Aria von Reiji Asuna,Gundam Build Fighters,14,
Auel Neider,Gundam Seed Destiny,16,
Meyrin Hawke,Gundam Seed Destiny,16-17,
Shinn Asuka,Gundam Seed Destiny,16 / 17,
Stella Loussier,Gundam Seed Destiny,16,
Heero Yuy,Gundam Wing,16,
Akane Yamamoto,Haikyuu,13,
Chikara Ennoshita,Haikyuu,16 / 17,
Hisashi Kinoshita,Haikyuu,16 / 17,
Hitoka Yachi,Haikyuu,15 / 16,
Kanoka Amanai,Haikyuu,17,
Kazuhito Narita,Haikyuu,16 / 17,
Kei Tsukishima,Haikyuu,15 / 16,
Kenma Kozume,Haikyuu,16 / 17,
Ryuunosuke Tanaka,Haikyuu,16 / 17,
Shouhei Fukunaga,Haikyuu,16 / 17,
Shoyo Hinata,Haikyuu,15 / 16,
Sou Inuoka,Haikyuu,15 / 16,
Tadashi Yamaguchi,Haikyuu,15 / 16,
Taketora Yamamoto,Haikyuu,16 / 17,
Tamahiko Teshiro,Haikyuu,15 / 16,
Tobio Kageyama,Haikyuu,15 / 16,
Yuu Nishinoya,Haikyuu,16 / 17,
Mahiro Yasaka,Haiyore Nyaruko-san,17,
Chiho Sasaki,Hataraku Maou-sama,16,
Emi Yusa,Hataraku Maou-sama,17,
Athena Tennousu,Hayate no Gotoku,16 / 17,
Ayumu Nishizawa,Hayate no Gotoku,16 / 17,
Chiharu Harukaze,Hayate no Gotoku,16 / 17,
Hinagiku Katsura,Hayate no Gotoku,15 / 16,
Isumi Saginomiya,Hayate no Gotoku,13 / 14,
Izumi Segawa,Hayate no Gotoku,16 / 17,
Kayura Tsurugino,Hayate no Gotoku,13-15,
Miki Hanabishi,Hayate no Gotoku,16 / 17,
Nagi Sanzenin,Hayate no Gotoku,13-16,
Rin Kohana,Hayate no Gotoku,15,
Risa Asakaze,Hayate no Gotoku,16 / 17,
Ruka Suirenji,Hayate no Gotoku,16,
Sakuya Aizawa,Hayate no Gotoku,13 / 14,
Souya Minamino,Hayate no Gotoku,16,
Wataru Tachibana,Hayate no Gotoku,13-14,
Aine Kohara,Hibike Euphonium,15 / 16,
Akiko Yoshizawa,Hibike Euphonium,15 / 16,
Aota Maeda,Hibike Euphonium,15 / 16,
Asuka Tanaka,Hibike Euphonium,17,
Ayako Sakasaki,Hibike Euphonium,15 / 16,
Azusa Sasaki,Hibike Euphonium,15 / 16,
Babe Uchida,Hibike Euphonium,15 / 16,
Chieri Takahisa,Hibike Euphonium,15 / 16,
Chikai Maki,Hibike Euphonium,15 / 16,
Chikao Takigawa,Hibike Euphonium,15 / 16,
Eru Kabutodani,Hibike Euphonium,15 / 16,
Haruna Hosono,Hibike Euphonium,15 / 16,
Hazuki Katou,Hibike Euphonium,15 / 16,
Hibiki Tsuchiya,Hibike Euphonium,15 / 16,
Hisae Takano,Hibike Euphonium,15 / 16,
Hiyoko Ueda,Hibike Euphonium,15 / 16,
Junichi Takino,Hibike Euphonium,16 / 17,
Junna Inoue,Hibike Euphonium,15 / 16,
Kana Etou,Hibike Euphonium,15 / 16,
Kanade Hisaishi,Hibike Euphonium,15 / 16,
Keina Iwata,Hibike Euphonium,16 / 17,
Kiri Matsumoto,Hibike Euphonium,15 / 16,
Kumiko Oumae,Hibike Euphonium,15 / 16,
Kyouko Ayukawa,Hibike Euphonium,15 / 16,
Lala Hitomi,Hibike Euphonium,15 / 16,
Machiko Nara,Hibike Euphonium,15 / 16,
Maiya Kikkawa,Hibike Euphonium,15 / 16,
Maki Akamatsu,Hibike Euphonium,15 / 16,
Masako Sakai,Hibike Euphonium,15 / 16,
Maya Hashida,Hibike Euphonium,15 / 16,
Meiko Oda,Hibike Euphonium,15 / 16,
Michiko Machida,Hibike Euphonium,15 / 16,
Michiru Hakase,Hibike Euphonium,15 / 16,
Michiyo Morimoto,Hibike Euphonium,15 / 16,
Miki Katou,Hibike Euphonium,15 / 16,
Mirei Suzuki,Hibike Euphonium,15 / 16,
Miru Kishibe,Hibike Euphonium,16 / 17,
Miyoko Oono,Hibike Euphonium,16 / 17,
Mizore Yoroizuka,Hibike Euphonium,16 / 17,
Motoko Higashiura,Hibike Euphonium,15 / 16,
Motomu Tsukinaga,Hibike Euphonium,15 / 16,
Nakaba Hattori,Hibike Euphonium,15 / 16,
Nanami Ootaki,Hibike Euphonium,15 / 16,
Natsuki Nakagawa,Hibike Euphonium,16 / 17,
Nozomi Kasaki,Hibike Euphonium,16 / 17,
Rairi Hayashi,Hibike Euphonium,15 / 16,
Reina Kousaka,Hibike Euphonium,15 / 16,
Rie Shima,Hibike Euphonium,15 / 16,
Riko Nagase,Hibike Euphonium,16 / 17,
Ririka Kenzaki,Hibike Euphonium,15 / 16,
Sanae Yashiki,Hibike Euphonium,15 / 16,
Sapphire Kawashima,Hibike Euphonium,15 / 16,
Sari Takahashi,Hibike Euphonium,15 / 16,
Satsuki Suzuki,Hibike Euphonium,15 / 16,
Sayaka Fukui,Hibike Euphonium,15 / 16,
Sayaka Takino,Hibike Euphonium,15 / 16,
Seiko Ashida,Hibike Euphonium,15 / 16,
Seiya Suzuki,Hibike Euphonium,15 / 16,
Shinobu Morita,Hibike Euphonium,16 / 17,
Shiori Hiranuma,Hibike Euphonium,15 / 16,
Shirabe Inoue,Hibike Euphonium,15 / 16,
Shuuichi Tsukamoto,Hibike Euphonium,15 / 16,
Sousuke Maeda,Hibike Euphonium,15 / 16,
Suguru Takami,Hibike Euphonium,15 / 16,
Sumiko Fukamachi,Hibike Euphonium,15 / 16,
Sumiko Hirao,Hibike Euphonium,16 / 17,
Suruga Koteyama,Hibike Euphonium,15 / 16,
Tadashi Endou,Hibike Euphonium,15 / 16,
Tairu Kitayama,Hibike Euphonium,15 / 16,
Taku Imura,Hibike Euphonium,15 / 16,
Takuya Gotou,Hibike Euphonium,16 / 17,
Tamari Asakura,Hibike Euphonium,15 / 16,
Tomoe Kabe,Hibike Euphonium,16 / 17,
Tomomi Hotei,Hibike Euphonium,15 / 16,
Tsubame Kamaya,Hibike Euphonium,15 / 16,
Tsubomi Nakano,Hibike Euphonium,15 / 16,
Tsumiki Yamane,Hibike Euphonium,15 / 16,
Une Kitada,Hibike Euphonium,15 / 16,
Youko Matsuzaki,Hibike Euphonium,15 / 16,
Yume Kohinata,Hibike Euphonium,15 / 16,
Yuuko Yoshikawa,Hibike Euphonium,16 / 17,
Chika,Hidamari Sketch,14 / 15,
Hiro,Hidamari Sketch,16 / 17,
Mami,Hidamari Sketch,15 / 16,
Matsuri,Hidamari Sketch,15 / 16,
Miyako,Hidamari Sketch,15 / 16,
Nakayama,Hidamari Sketch,15 / 16,
Natsume,Hidamari Sketch,16 / 17,
Nazuna,Hidamari Sketch,15 / 16,
Nori,Hidamari Sketch,15 / 16,
Sae,Hidamari Sketch,16 / 17,
Yuno,Hidamari Sketch,15 / 16,
Koneko Toujou,Highschool DxD,16 / 17,
Kohta Hirano,Highschool of the Dead,16,
Rei Miyamoto,Highschool of the Dead,17,
Saeko Busujima,Highschool of the Dead,17,
Saya Takagi,Highschool of the Dead,16,
Takashi Komuro,Highschool of the Dead,17,
Keiichi Maebara,higurashi no naku koro ni / higurashi no naku koro ni | when they cry,14,
Mion Sonozaki,higurashi no naku koro ni / higurashi no naku koro ni | when they cry,14,
Rena Ryuuguu,higurashi no naku koro ni / higurashi no naku koro ni | when they cry,13,
Rika Furude,higurashi no naku koro ni / higurashi no naku koro ni | when they cry,11 / 12,
Satoko Houjou,higurashi no naku koro ni / higurashi no naku koro ni | when they cry,11 / 12,
Shion Sonozaki,higurashi no naku koro ni / higurashi no naku koro ni | when they cry,14,
Hikari Kongo,Himouto Umaru-chan,16,
Kirie Motoba,Himouto Umaru-chan,16,
Nana Ebina,Himouto Umaru-chan,16,
Sylphynford Tachibana,Himouto Umaru-chan,16,
Umaru Doma,Himouto Umaru-chan,16,
Izumi Ibuki,Hinabita,16 / 17,
Akari Acura,Hitsugi no Chaika,17,
Chaika Bogdan,Hitsugi no Chaika,14,
Chaika Trabant,Hitsugi no Chaika,14,
Ayumi Nonomura,Hyakko,15 / 16,
Chie Suzugazaki ,Hyakko,15 / 16,
Inori Tsubomiya,Hyakko,15 / 16,
Koma Kobayashi,Hyakko,15 / 16,
Shishimaru Sengoku,Hyakko,16 / 17,
Suzume Saotome,Hyakko,15 / 16,
Tatsuki Iizuka,Hyakko,15 / 16,
Tōma Kazamatsuri,Hyakko,15 / 16,
Torako Kageyama,Hyakko,15 / 16,
Ushio Makunouchi,Hyakko,15 / 16,
Eru Chitanda,Hyouka,15 / 16,
Fuyumi Irisu,Hyouka,16 / 17,
Houtarou Oreki,Hyouka,16 / 17,
Jirou Tanabe,Hyouka,16 / 17,
Kaho Juumonji,Hyouka,15 / 16,
Mayaka Ibara,Hyouka,16,
Misaki Sawakiguchi,Hyouka,16 / 17,
Muneyoshi Kugayama,Hyouka,16 / 17,
Satoshi Fukube,Hyouka,15 / 16,
Tomoko Oohinata,Hyouka,15,
Hayase Nagatoro,Ijiranaide Nagatoro-san,16,
Naoto Hachioji / Senpai,Ijiranaide Nagatoro-san,17,
Cecilia Alcott,Infinite Stratos,15 / 16,
Charlotte Dunois,Infinite Stratos,15,
Houki Shinonono,Infinite Stratos,15 / 16,
Ichika Orimura,Infinite Stratos,16,
Kanzashi Sarashiki,Infinite Stratos,15,
Laura Bodewig,Infinite Stratos,16,
Lingyin Huang,Infinite Stratos,15,
Tatenashi Sarashiki,Infinite Stratos,16 / 17,
Banri Watanuki,Inu x Boku SS,15,
Renshou Sorinozuka,Inu x Boku SS,17,
Ririchiyo Shirakiin,Inu x Boku SS,15,
Inuyasha,Inuyasha,14,Physically underage
Moroha,Inuyasha,14,
Rin,Inuyasha,8-11,
Setsuna,Inuyasha,14,
Towa Higurashi,Inuyasha,14,
Giorno Giovanna,Jojos Bizarre Adventure / Jojos Bizarre Adventure | Jojo no Kimyou na Bouken,15,
Reimi Sugimoto,Jojos Bizarre Adventure / Jojos Bizarre Adventure | Jojo no Kimyou na Bouken,16,
Azusa Nakano,K-on,16 / 17,Underage if she's in HS
Ai Hayasaka,Kaguya-sama wa Kokurasetai,16 / 17,
Chika Fujiwara,Kaguya-sama wa Kokurasetai,17,
Kaguya Shinomiya,Kaguya-sama wa Kokurasetai,17,
Koromo Shiranui,Kaguya-sama wa Kokurasetai,16 / 17,
Mikado Shijo,Kaguya-sama wa Kokurasetai,16 / 17,
Miko Iino,Kaguya-sama wa Kokurasetai,15 / 16,
Miyuki Shirogane,Kaguya-sama wa Kokurasetai,17,
Yu Ishigami,Kaguya-sama wa Kokurasetai,16 / 17,
Chikane Himemiya,Kannazuki no Miko,16,
Himeko Kurusugawa,Kannazuki no Miko,16,
Ayu Tsukimiya,Kanon,17,
Nayuki Minase,Kanon,17,
Shiori Misaka,Kanon,16,
Yuuichi Aizawa,Kanon,17,
Mano,Karakai Jouzu no Takagi-san,12-14,
Mina Hibino,Karakai Jouzu no Takagi-san,12-14,
Nishikata,Karakai Jouzu no Takagi-san,12-14,
Sanae Tsukimoto,Karakai Jouzu no Takagi-san,12-14,
Takagi,Karakai Jouzu no Takagi-san,12-14,
Yukari Tenkawa,Karakai Jouzu no Takagi-san,12-14,
Eclair,Kiddy Grade,16,
Lumiere,Kiddy Grade,10,
Tweedledee,Kiddy Grade,16,
Tweedledum,Kiddy Grade,16,
Mako Mankanshoku,Kill la Kill,17,
Nui Harime,Kill la Kill,17~,
Ryuuko Matoi,Kill la Kill,17,
Genya Shinazugawa,Kimetsu no Yaiba,16,
Kanae Kocho,Kimetsu no Yaiba,17,
Kanao Tsuyuri,Kimetsu no Yaiba,16,
Muichiro Tokito,Kimetsu no Yaiba,14,
Nezuko Kamado,Kimetsu no Yaiba,12,
Tanjiro Kamado,Kimetsu no Yaiba,13-15,
Zenitsu Agatsuma,Kimetsu no Yaiba,16,
Mitsuha Miyamizu,Kimi no Na wa / Your name,17,"Before the time skip. If they are in high school, underage"
Taki Tachibana,Kimi no Na wa / Your name,17,"Before the time skip. If they are in high school, underage"
Alice Cartelet,Kiniro Mosaic,16,
Aya Komichi,Kiniro Mosaic,16,
Karen Kujo,Kiniro Mosaic,16,
Shinobu Omiya,Kiniro Mosaic,15 / 16,
Youko Inokuma,Kiniro Mosaic,16,
Hasuki Komai,Kishuku Gakkou no Juliet,16 / 17,"There's a 10 years time skip, so check if there's any indication they are adults"
Juliet Persia,Kishuku Gakkou no Juliet,16 / 17,"There's a 10 years time skip, so check if there's any indication they are adults"
Ako Suminoe,Kiss x sis,16 / 17,
Riko Suminoe,Kiss x sis,16 / 17,
Hitohito Tadano,Komi-san Wa Komyushou Desu,15,
Komi Shouko,Komi-san Wa Komyushou Desu,16,
Colette,Kono Bijutsubu ni wa Mondai ga aru,13,
Kaori Ayase,Kono Bijutsubu ni wa Mondai ga aru,14,
Maria Imari,Kono Bijutsubu ni wa Mondai ga aru,14,
Mizuki Usami,Kono Bijutsubu ni wa Mondai ga aru,14,
Nonoka,Kono Bijutsubu ni wa Mondai ga aru,14,
President,Kono Bijutsubu ni wa Mondai ga aru,15,
Sayaka Honda,Kono Bijutsubu ni wa Mondai ga aru,14,
Subaru Uchimaki,Kono Bijutsubu ni wa Mondai ga aru,14,
Megumin,Kono Subarashii Sekai ni Syukufuku o,14,
Satou Kazuma,Kono Subarashii Sekai ni Syukufuku o,16 / 17,
Shouko Aizawa,Koto no Ha no Niwa,17,
Takao Akizuki,Koto no Ha no Niwa,15,
Atsushi Murasakibara,Kuroko no Basuke,16,
Daiki Aomine,Kuroko no Basuke,17,
Junpei Hyuuga,Kuroko no Basuke,17,
Rinnosuke Mitobe,Kuroko no Basuke,17,
Ryouta Kise,Kuroko no Basuke,17,
Seijuurou Akashi,Kuroko no Basuke,16,
Shinji Koganei,Kuroko no Basuke,17,
Shintarou Midorima,Kuroko no Basuke,16 / 17,
Taiga Kagami,Kuroko no Basuke,16,
Teppei Kiyoshi,Kuroko no Basuke,17,
Tetsuya Kuroko,Kuroko no Basuke,16,
Akihito Kanbara,Kyoukai no Kanata,16 / 17,
Mirai Kuriyama,Kyoukai no Kanata,14 / 15,
Mitsuki Nase,Kyoukai no Kanata,16 / 17,
Tori Aoi,Kyoukai Senjou no Horizon,17,
Annie,League of Legends,8,
Ekko,League of Legends,17,
Nunu,League of Legends,8,
Zoe,League of Legends,12,Physically underage
Amanda O'Neill,Little Witch Academia,16,
Atsuko Kagari / Akko,Little Witch Academia,16,
Diana Cavendish,Little Witch Academia,16,
Lotte Jansson,Little Witch Academia,16,
Sucy Manbavaran,Little Witch Academia,16,
Isuzu,Log Horizon,17,
Kotaro,Log Horizon,16,
Minori,Log Horizon,14,
Serara,Log Horizon,16 / 17,
Shouryuu / Shouryu,Log Horizon,16,
Touya,Log Horizon,14,
Ai Miyashita,Love Live / Love Live Sunshine,16 / 17,
Ayumu Uehara,Love Live / Love Live Sunshine,16 / 17,
Chika Takami,Love Live / Love Live Sunshine,16 / 17,
Hanamaru Kunikida,Love Live / Love Live Sunshine,15 / 16,
Hanayo Koizumi,Love Live / Love Live Sunshine,15 / 16,
Honoka Kosaka,Love Live / Love Live Sunshine,16 / 17,
Kasumi Nakasu,Love Live / Love Live Sunshine,15 / 16,
Kotori Minami,Love Live / Love Live Sunshine,16 / 17,
Leah Kazuno,Love Live / Love Live Sunshine,15 / 16,
Maki Nishikino,Love Live / Love Live Sunshine,15 / 16,
Riko Sakurauchi,Love Live / Love Live Sunshine,16 / 17,
Rin Hoshizora,Love Live / Love Live Sunshine,15 / 16,
Rina Tennoji,Love Live / Love Live Sunshine,15 / 16,
Ruby Kurosawa,Love Live / Love Live Sunshine,15 / 16,
Setsuna Yuki,Love Live / Love Live Sunshine,16 / 17,
Shizuku Osaka,Love Live / Love Live Sunshine,15 / 16,
Umi Sonoda,Love Live / Love Live Sunshine,16 / 17,
Yoshiko Tsushima,Love Live / Love Live Sunshine,15 / 16,
You Watanabe,Love Live / Love Live Sunshine,16,
Kobayakawa Rinko,Love Plus,15 / 16,
Manaka Takane,Love Plus,16 / 17,
Protagonist ,Love Plus,16 / 17,
Rinko Kobayakawa,Love Plus,15 / 16,
Takane Manaka,Love Plus,16 / 17,
Ayano Minegishi,Lucky Star,17,
Hiyori Tamura,Lucky Star,15 / 16,
Kagami Hiiragi,Lucky Star,17,
Minami Iwasaki,Lucky Star,15 / 16,
Misao Kusakabe,Lucky Star,17,
Miyuki Takara,Lucky Star,17,
Patricia Martin,Lucky Star,15 / 16,
Tsukasa Hiiragi,Lucky Star,17,
Yutaka Kobayakawa,Lucky Star,15 / 16,
Anri Sata,Machikado Mazoku,15,
Mikan Hinatsuki,Machikado Mazoku,15,
Momo Chiyoda,Machikado Mazoku,15,
Sion Ogura,Machikado Mazoku,15,
Yuko Yoshida,Machikado Mazoku,15,
Alto Saotome,Macross Frontier,17,
Aladdin,Magi the labyrinth of magic,10-15,
Souta Kishibe,Mahou Shoujo Ikusei Keikaku,14,
Erio Mondial,Mahou Shoujo Lyrical Nanoha,16,
Shiba Miyuki,Mahouka Koukou no Rettousei,17,
Chise Hatori,Mahoutsukai no Yome,16,
Akane Soir,Mai-otome,16 / 17,
Arika Yumemiya,Mai-otome,14 / 15,
Airi Sena,Mashiro Iro Symphony,16 / 17,
Angelina Nanatsu Sewell,Mashiro Iro Symphony,16 / 17,
Sakuno Uryuu,Mashiro Iro Symphony,15 / 16,
Sana Inui,Mashiro Iro Symphony,16 / 17,
Shingo Uryuu,Mashiro Iro Symphony,16 / 17,
Ringo Oginome,Mawaru Penguindrum,16,
Emi,Mob Psycho 100,14 / 15,
Ichi Mezato,Mob Psycho 100,14,
Minori Asagiri,Mob Psycho 100,14,
Mob / Shigeo Kageyama,Mob Psycho 100,14,
Ritsu Kageyama,Mob Psycho 100,13,
Sho Suzuki,Mob Psycho 100,13,
Tenga Onigawara,Mob Psycho 100,15,
Tome Kurata,Mob Psycho 100,15,
Tsubomi Takane,Mob Psycho 100,14,
Judau Ashta,Mobile Suit Gundam,14 / 15,
Haruhiko Ichijo,myriad colors phantom world / myriad colors phantom world | musaigen no phantom world,15 / 16,
Koito Minase,myriad colors phantom world / myriad colors phantom world | musaigen no phantom world,16,
Kurumi Kumamakura,myriad colors phantom world / myriad colors phantom world | musaigen no phantom world,10,
Mai Kawakami,myriad colors phantom world / myriad colors phantom world | musaigen no phantom world,16 / 17,
Reina Izumi,myriad colors phantom world / myriad colors phantom world | musaigen no phantom world,15 / 16,
Shosuke Morohashi,myriad colors phantom world / myriad colors phantom world | musaigen no phantom world,15 / 16,
Akira Tsubaki,Nazo no Kanojo X,17,
Ayuko Oka,Nazo no Kanojo X,17,
Hayakawa Aika,Nazo no Kanojo X,17,
Kouhei Ueno,Nazo no Kanojo X,17,
Mikoto Urabe,Nazo no Kanojo X,17,
Asuka Langley Soryu,Neon Genesis Evangelion,14,
Kaworu Nagisa,Neon Genesis Evangelion,15,
Rei Ayanami,Neon Genesis Evangelion,14,
Shinji Ikari,Neon Genesis Evangelion,14,
Toji Suzuhara,Neon Genesis Evangelion,14,
Mai Minakami,Nichijou,15 / 16,
Mio Naganohara,Nichijou,16,
Yuuko Aioi,Nichijou,15 / 16,
Shiro,No game No life,11,
Rinko Yamato,Ore Monogatari,15,
Takeo Gouda,Ore Monogatari,15 / 16,
Ayase Aragaki,Ore no Imouto ga Konna ni Kawaii Wake ga nai,14 / 15,
Kanako Kurusu,Ore no Imouto ga Konna ni Kawaii Wake ga nai,14 / 15,
Kirino Kousaka,Ore no Imouto ga Konna ni Kawaii Wake ga nai,14 / 15,
Ruri Gokou,Ore no Imouto ga Konna ni Kawaii Wake ga nai,15 / 16,
Saori Makishima,Ore no Imouto ga Konna ni Kawaii Wake ga nai,15 / 16,
Amatsuyu Kisaragi,Ore o Suki nano wa Omae dake kayo,16,
Aoi Hinata,Ore o Suki nano wa Omae dake kayo,16,
Sakura Akino,Ore o Suki nano wa Omae dake kayo,17,
Sumireko Sanshokuin,Ore o Suki nano wa Omae dake kayo,16,
Katarina Claes,otome game no hametsu flag shika nai akuyaku reijou ni tensei shiteshimatta,15 / 16,
Keith Claes,otome game no hametsu flag shika nai akuyaku reijou ni tensei shiteshimatta,15 / 16,
Aigis,Persona 3,11,
Female Protagonist,Persona 3,17,
Fuuka Yamagishi,Persona 3,16 / 17,Only underage in Persona 3
Junpei Iori,Persona 3,16 / 17,Only underage in Persona 3
Ken Amada,Persona 3,13,
Protagonist,Persona 3,17,
Rio Iwasaki,Persona 3,17,
Yukari Takeba,Persona 3,16 / 17 ,"Only underage in Persona 3, adult in the other games"
Kanji Tatsumi,Persona 4,16 / 17,
Naoto Shirogane,Persona 4,15-17,
Rise Kujikawa,Persona 4,15-17,Only underage in Persona 4
Yu Narukami,Persona 4,16 / 17,
Yukiko Amagi,Persona 4,17,
Ann Takamaki,Persona 5,16 / 17,
Futaba Sakura,Persona 5,15 / 16,
Protagonist / Akira Kurusu / Joker,Persona 5,16 / 17,
Sumire Yoshizawa,Persona 5,15,
Yusuke Kitagawa,Persona 5,16 / 17,
Ash Ketchum,Pokemon / pokemon | pocket monsters,10,
Brock,Pokemon / pokemon | pocket monsters,15,
Cheren,Pokemon / pokemon | pocket monsters,14-16,
Dawn,Pokemon / pokemon | pocket monsters,10,
Gloria,Pokemon / pokemon | pocket monsters,<18,
Goh,Pokemon / pokemon | pocket monsters,10,
Hilda,Pokemon / pokemon | pocket monsters,14-16,
May,Pokemon / pokemon | pocket monsters,10,
Misty,Pokemon / pokemon | pocket monsters,10-12,
Akari Kazemiya,Princess Connect,13,
Anna Hiiragi,Princess Connect,17,
Aoi Futaba,Princess Connect,13,
Ayane Hojo,Princess Connect,14,
Ayumi Ishibashi,Princess Connect,16,
Chieru Kazama,Princess Connect,16,
Chika Misumi,Princess Connect,17,
Eriko Kuraishi,Princess Connect,16,
Eustiana von Astraea / Pecorine,Princess Connect,17,
Hanako Kuroe,Princess Connect,17,
Hatsune Kashiwazaki,Princess Connect,17,
Hiyori Harusaki,Princess Connect,16,
Inori Ichinose,Princess Connect,13,
Kaori Kyan,Princess Connect,17,
Kasumi Kirihara,Princess Connect,15,
Kaya Kidou,Princess Connect,16,
Kiruya Momochi,Princess Connect,14,
Kokoro Natsume / kokkoro | kokoro natsume,Princess Connect,11,
Kurumi Kuribayashi,Princess Connect,12,
Maho Himemiya,Princess Connect,16,
Makoto Aki,Princess Connect,17,
Matsuri Orihara,Princess Connect,12,
Miyako Izumo,Princess Connect,14,
Muimi Sonoue,Princess Connect,16,
Ninon Joubert,Princess Connect,16,
Nozomi Sakurai,Princess Connect,17,
Rin Morichika,Princess Connect,17,
Rino Inosaki,Princess Connect,15,
Saren Sasaki,Princess Connect,17,
Shiori Kashiwazaki,Princess Connect,14,
Suzume Amano,Princess Connect,15,
Suzuna Minami,Princess Connect,17,
Tomo Mikuma,Princess Connect,13,
Tsumugi Mayumiya,Princess Connect,14,
Yori Kazemiya,Princess Connect,13,
Yui Kusano,Princess Connect,17,
Yuki Nijimura,Princess Connect,14,
Anne,Princess Connect / Rage of Bahamut,17,
Grea,Princess Connect / Rage of Bahamut,17,
Lou,Princess Connect / Rage of Bahamut,16,
Monika Weisswind,Princess Connect / Rage of Bahamut,17,
Hiro Hiyorimi,Princess Resurrection,12-15,
Aroma Kurosu,PriPara,12,
Chiri Tsukikawa,PriPara,11,
Dorothy West,PriPara,14,
Faruru,PriPara,10,
Fuwari Midorikaze,PriPara,13,
Hibiki Shikyoin,PriPara,16,
Junon,PriPara,9 / 10,
Kanon,PriPara,9 / 10,
Laala Manaka,PriPara,10-13,
Leona West / Reona West,PriPara,14,
Michiru Kouda,PriPara,13 / 14,
Mikan Shiratama,PriPara,11,
Mirei Minami,PriPara,14,
Nino Nijiiro,PriPara,11,
Non Manaka,PriPara,9 / 10,
Pepper Taiyou,PriPara,12,
Pinon,PriPara,9 / 10,
Shion Todo,PriPara,14,
Shuuka Hanazono,PriPara,11 / 12,
Sophie Hojo,PriPara,15,
Yui Yumekawa,PriPara,11 / 12,
Homura Akemi,Puella Magi Madoka Magica,14,
Kyoko Sakura,Puella Magi Madoka Magica,16,
Kyousuke Kamijo,Puella Magi Madoka Magica,14,
Madoka Kaname,Puella Magi Madoka Magica,14,
Mami Tomoe,Puella Magi Madoka Magica,15,
Sayaka Miki,Puella Magi Madoka Magica,14,
Alina Gray,Puella Magi Madoka Magica Side Story Magia Record,16,
Felicia Mitsuki,Puella Magi Madoka Magica Side Story Magia Record,13,
Iroha Tamaki,Puella Magi Madoka Magica Side Story Magia Record,15,
Kaede Akino,Puella Magi Madoka Magica Side Story Magia Record,14,
Mitama Yakumo,Puella Magi Madoka Magica Side Story Magia Record,17,
Momoko Togame,Puella Magi Madoka Magica Side Story Magia Record,16,
Nemu Hiiragi,Puella Magi Madoka Magica Side Story Magia Record,11,
Rena Minami,Puella Magi Madoka Magica Side Story Magia Record,15,
Sana Futaba,Puella Magi Madoka Magica Side Story Magia Record,14,
Touka Satomi,Puella Magi Madoka Magica Side Story Magia Record,11,
Tsukasa Amane,Puella Magi Madoka Magica Side Story Magia Record,17,
Tsukuyo Amane,Puella Magi Madoka Magica Side Story Magia Record,17,
Tsuruno Yui,Puella Magi Madoka Magica Side Story Magia Record,17,
Ui Tamaki,Puella Magi Madoka Magica Side Story Magia Record,11,
Ayase Ayatsuji,Rakudai Kishi no Cavalry,17,
Ikki Kurogane,Rakudai Kishi no Cavalry,16,
Kuraudo Kurashiki,Rakudai Kishi no Cavalry,17,
Nagi Arisuin,Rakudai Kishi no Cavalry,15,
Ouma Kurogane,Rakudai Kishi no Cavalry,17,
Shizuku Kurogane,Rakudai Kishi no Cavalry,15,
Stella Vermillion,Rakudai Kishi no Cavalry,15,
Touka Toudou,Rakudai Kishi no Cavalry,17,
Yuudai Moroboshi,Rakudai Kishi no Cavalry,17,
Emilia,Re Zero Kara Hajimeru Isekai Seikatsu,15,Mentally underage
Felt,Re Zero Kara Hajimeru Isekai Seikatsu,14 / 15,
Garfiel Tinsel,Re Zero Kara Hajimeru Isekai Seikatsu,14 / 15,
Ryuzu Meyer,Re Zero Kara Hajimeru Isekai Seikatsu,11 / 12,
Eriri Spencer Sawamura,Saenai Heroine no Sodatekata,16,
Aiko Mikami,Saiki Kusuo no Psi Nan,16 / 17,
Aren Kuboyasu,Saiki Kusuo no Psi Nan,16,
Arisu Makino,Saiki Kusuo no Psi Nan,15 / 16,
Chisato Mera,Saiki Kusuo no Psi Nan,16,
Hii Suzumiya,Saiki Kusuo no Psi Nan,16 / 17,
Imu Rifuta,Saiki Kusuo no Psi Nan,15 / 16,
Kineshi Hairo,Saiki Kusuo no Psi Nan,16 / 17,
Kokomi Teruhashi,Saiki Kusuo no Psi Nan,16,
Kusuo Saiki,Saiki Kusuo no Psi Nan,15-17,
Mikoto Aiura,Saiki Kusuo no Psi Nan,16 / 17,
Shiiko Maki,Saiki Kusuo no Psi Nan,15 / 16,
Shun Kaidou,Saiki Kusuo no Psi Nan,16,
Touma Akechi,Saiki Kusuo no Psi Nan,16 / 17,
Yoriko Itano,Saiki Kusuo no Psi Nan,16 / 17,
Sailor Jupiter / Makoto Kino,Sailor Moon,14-16,
Sailor Mercury / Ami Mizuno,Sailor Moon,14-16,
Sailor Moon / Usagi Tsukino,Sailor Moon,14-16,
Sailor Neptune / Michiru Kaiou / Michiru Kaioh,Sailor Moon,16 / 17,
Sailor Saturn / Hotaru Tomoe,Sailor Moon,12-16,
Sailor Uranus / Haruka Tenou / Haruka Tenoh,Sailor Moon,16 / 17,
Sailor Venus / Minako Aino,Sailor Moon,14-16,
Seiya Kou / Sailor Star Fighter,Sailor Moon,16 / 17,
Taiki Kou / Sailor Star Maker,Sailor Moon,16,
Yaten Kou / Sailor Star Healer,Sailor Moon,16,
Ako Atarashi,Saki,14 / 15,
Arata Sagimori,Saki,16 / 17,
Harue Akado,Saki,13 / 14,
Hayari Mizuhara,Saki,12 / 13,
Kuro Matsumi,Saki,16 / 17,
Kyoutarou Suga,Saki,15 / 16,
Mako Someya,Saki,16 / 17,
Nodoka Haramura,Saki,15 / 16,
Saki Miyanaga,Saki,15 / 16,
Shizuno Takakamo,Saki,15 / 16,
Sukoya Kokaji,Saki,12 / 13,
Yuuki Kataoka,Saki,15 / 16,
Haruka Takayama,Sakura Trick,15 / 16,
Yuu Sonoda,Sakura Trick,15 / 16,
Kokoro Katsura,School Days,13,
Kotonoha Katsura,School Days,15 / 16,
Makoto Itou,School Days,15 / 16,
Kaede Azusagawa,Seishun Buta Yarou Wa Bunny Girl Senpai No Yume o Minai,14 / 15,
Mai Sakurajima,Seishun Buta Yarou Wa Bunny Girl Senpai No Yume o Minai,17,
Nodoka Toyohama,Seishun Buta Yarou Wa Bunny Girl Senpai No Yume o Minai,16 / 17,
Rio Futaba,Seishun Buta Yarou Wa Bunny Girl Senpai No Yume o Minai,16 / 17,
Sakuta Azusagawa,Seishun Buta Yarou Wa Bunny Girl Senpai No Yume o Minai,16 / 17,
Tomoe Koga,Seishun Buta Yarou Wa Bunny Girl Senpai No Yume o Minai,15 / 16,
Yuuma Kunimi,Seishun Buta Yarou Wa Bunny Girl Senpai No Yume o Minai,16 / 17,
Hibiki Tachibana,Senki Zesshou Symphogear,15-17,
Kanade Amou,Senki Zesshou Symphogear,17,
Kirika Akatsuki,Senki Zesshou Symphogear,15 / 16,
Miku Kohinata,Senki Zesshou Symphogear,16 / 17,
Serena Cadenzavna Eve,Senki Zesshou Symphogear,13,
Shirabe Tsukuyomi,Senki Zesshou Symphogear,15,
Kaori Miyazono,Shigatsu wa Kimi no Uso,14,
Kousei Arima,Shigatsu wa Kimi no Uso,14-16,
Ryota Watari,Shigatsu wa Kimi no Uso,14,
Tsubaki Sawabe,Shigatsu wa Kimi no Uso,14,
Bertholdt Hoover,Shingeki no Kyojin,16,
Fay Jaeger,Shingeki no Kyojin,7,
Marco Bodt,Shingeki no Kyojin,16,
Basara Toujou,Shinmai Maou no Testament,15-17,
Celis Reinhartd,Shinmai Maou no Testament,16,
Kurumi Nonaka,Shinmai Maou no Testament,15,
Maria Naruse,Shinmai Maou no Testament,15,
Mio Naruse,Shinmai Maou no Testament,16,
Yuki Nonaka,Shinmai Maou no Testament,16,
Akira Hayama,Shokugeki no Soma,15 / 16,"Unless the doujin happens after Le dessert. If it takes place while they are still in school or live at Polar Star, underage"
Alice Nakiri,Shokugeki no Soma,15 / 16,"Unless the doujin happens after Le dessert. If it takes place while they are still in school or live at Polar Star, underage"
Erina Nakiri,Shokugeki no Soma,15 / 16,"Unless the doujin happens after Le dessert. If it takes place while they are still in school or live at Polar Star, underage"
Etsuya Eizan,Shokugeki no Soma,16 / 17,"Unless the doujin happens after Le dessert. If it takes place while they are still in school or live at Polar Star, underage"
Hisako Arato,Shokugeki no Soma,15 / 16,"Unless the doujin happens after Le dessert. If it takes place while they are still in school or live at Polar Star, underage"
Ikumi Mito,Shokugeki no Soma,15 / 16,"Unless the doujin happens after Le dessert. If it takes place while they are still in school or live at Polar Star, underage"
Isami Aldini,Shokugeki no Soma,15 / 16,"Unless the doujin happens after Le dessert. If it takes place while they are still in school or live at Polar Star, underage"
Megumi Tadokoro,Shokugeki no Soma,15 / 16,"Unless the doujin happens after Le dessert. If it takes place while they are still in school or live at Polar Star, underage"
Ryou Kurokiba,Shokugeki no Soma,15 / 16,"Unless the doujin happens after Le dessert. If it takes place while they are still in school or live at Polar Star, underage"
Satoshi Isshiki,Shokugeki no Soma,17,"Unless the doujin happens after Le dessert. If it takes place while they are still in school or live at Polar Star, underage"
Shun Ibusaki,Shokugeki no Soma,15,"Unless the doujin happens after Le dessert. If it takes place while they are still in school or live at Polar Star, underage"
Souma Yukihira,Shokugeki no Soma,15 / 16,"Unless the doujin happens after Le dessert. If it takes place while they are still in school or live at Polar Star, underage"
Takumi Aldini,Shokugeki no Soma,15 / 16,"Unless the doujin happens after Le dessert. If it takes place while they are still in school or live at Polar Star, underage"
Yuuki Yoshino,Shokugeki no Soma,15 / 16,"Unless the doujin happens after Le dessert. If it takes place while they are still in school or live at Polar Star, underage"
Claudine Saijo,Shoujo Kageki Revue Starlight,16 / 17,
Futaba Isurugi,Shoujo Kageki Revue Starlight,16 / 17,
Kaoruko Hanayagi,Shoujo Kageki Revue Starlight,16 / 17,
maya tendo,Shoujo Kageki Revue Starlight,16 / 17,
Chuchu,Show by Rock,14 / 15,
Cyan Hijirikawa,Show by Rock,16 / 17,
Moa,Show by Rock,14 / 15,
Retoree,Show by Rock,15 / 16,
Akane Hino,Smile Precure,14 / 15,
Miyuki Hoshizora,Smile Precure,14 / 15,
Nao Midorikawa,Smile Precure,14 / 15,
Reika Aoki,Smile Precure,14 / 15,
Yayoi Kise,Smile Precure,14 / 15,
Kaede Kitajima,Sono hanabira ni kuchizuke o,16 / 17,
Kawamura Reo,Sono hanabira ni kuchizuke o,16 / 17,
Kimishima Aya,Sono hanabira ni kuchizuke o,16 / 17,
Mai Sawaguchi,Sono hanabira ni kuchizuke o,16 / 17,
Nagisa Misawa,Sono hanabira ni kuchizuke o,16~,
Oda Nanami,Sono hanabira ni kuchizuke o,15 / 16,
Onohara Hazuki,Sono hanabira ni kuchizuke o,16 / 17,
Sara Kitajima,Sono hanabira ni kuchizuke o,15 / 16,
Yuuna Matsubara,Sono hanabira ni kuchizuke o,16~,
Alpha Omega Nova,Space Patrol Luluco,13~,
Luluco,Space Patrol Luluco,13,
Midori,Space Patrol Luluco,13~,
Holo,Spice and Wolf,15,Physically underage
Mayuri Shiina,SteinsGate,16 / 17,
Asagi Aiba,Strike the Blood,15,
Astarte,Strike the Blood,12,
Kanon Kanase,Strike the Blood,15,
La Folia Rihavein,Strike the Blood,16,
Moegi Akatsuki,Strike the Blood,16,
Motoki Yaze,Strike the Blood,16,
Nagisa Akatsuki,Strike the Blood,14,
Reina Akatsuki,Strike the Blood,15,
Rin Tsukishima,Strike the Blood,16,
Sayaka Kirasaka,Strike the Blood,15,
Yukina Himeragi,Strike the Blood,14,
Aila Payvikki Linnamar,Strike Witches,16,
Aleksandra I Pokryshkin,Strike Witches,16,
Amelie Planchard,Strike Witches,15,
Anabuki Tomoko,Strike Witches,14-16,
Carla Luksic,Strike Witches,16,
Charlotte E Yeager,Strike Witches,15-17,
Eila Ilmatar Juutilainen,Strike Witches,15 / 16,
Eleonore Giovanna Gassion,Strike Witches,16,
Elfriede Schreiber,Strike Witches,16,
Elma Leivonen,Strike Witches,15,
Erica Hartmann,Strike Witches,16 / 17,
Eugenia Horbaczewski,Strike Witches,17,
Fernandia Malvezzi,Strike Witches,17,
Francesca Lucchini,Strike Witches,12 / 13,
Francie Gerard,Strike Witches,14,
Georgette Lemare,Strike Witches,17,
Giuseppina Cenni,Strike Witches,14-16,
Hanna Wind,Strike Witches,17,
Hanna-Justina Marseille,Strike Witches,14-17,
Harriet Steer,Strike Witches,16,
Hattori Shizuka,Strike Witches,14,
Heidemarie W Schnaufer,Strike Witches,15 / 16,
Heinrike Prinzessin zu Sayn-Wittgenstein,Strike Witches,16 / 17,
Helma Lennartz,Strike Witches,13,
Inagaki Mami,Strike Witches,12-16,
Isabelle du Monceau de Bergendal,Strike Witches,16,
Jane T Godfrey,Strike Witches,17,
Jennifer DeBlanc,Strike Witches,17,
Joanna Elizabeth Stafford,Strike Witches,12,
Kanno Naoe,Strike Witches,15,
Karibuchi Hikari,Strike Witches,14,
Kullamas Blengkam,Strike Witches,15,
Kuroda Kunika,Strike Witches,15,
Laura Nissinen,Strike Witches,17,
Laura Toth,Strike Witches,17,
Lee Andrea Archer,Strike Witches,17,
Lynette Bishop,Strike Witches,15 / 16,
Lyudmila Andreyevna Ruslanova,Strike Witches,14,
Manaia Matawhaura Hato,Strike Witches,13,
Maria Magdalene Dietrich,Strike Witches,15,
Marian Carl,Strike Witches,17,
Martina Crespi,Strike Witches,16,
Misumi Miya,Strike Witches,14,
Miyafuji Yoshika,Strike Witches,14-16,
Nakajima Nishiki,Strike Witches,17,
Nikka Edvardine Katajainen,Strike Witches,15,
Patricia Schade,Strike Witches,17,
Perrine H Clostermann,Strike Witches,15 / 16,
Raisa Pöttgen,Strike Witches,14-16,
Sanya V Litvyak,Strike Witches,13-15,
Shibuya Inori,Strike Witches,14,
Shimohara Sadako,Strike Witches,17,
Suwa Amaki,Strike Witches,17,
Sylvie Cariello,Strike Witches,15,
Ursula Hartmann,Strike Witches,10-17,
Vesna Mikovič,Strike Witches,17,
Virginia Robertson,Strike Witches,14,
Kazuma Ikezawa,Summer Wars,13,
Kenji Koiso,Summer Wars,17,
Kazuto Kirigaya / kazuto kirigaya | kirito,Sword Art Online,14-17,
Keiko Ayano,Sword Art Online,12-15,
Shino Asada,Sword Art Online,16 / 17,
Suguha Kirigaya / Lyfa,Sword Art Online,15-17,
Yuuki Konno,Sword Art Online,15,
Genis Sage,Tales of Symphonia,12-14,
Mithos Yggdrasill,Tales of Symphonia,14,
Presea Combatir,Tales of Symphonia,12-14,
Anise Tatlin,Tales of the Abyss,13,
Arietta,Tales of the Abyss,16,
Asch,Tales of the Abyss,17,
Ion,Tales of the Abyss,14,
Luke fon Fabre,Tales of the Abyss,7,Mentally underage
Sync,Tales of the Abyss,14,
Tear Grants,Tales of the Abyss,16,
Jude Mathis,Tales of Xillia,14-16,
Alisha Diphda,Tales of Zestiria,17,
Kanna Makino,Tamako Market,16,
Midori Tokiwa,Tamako Market,16,
Shiori Asagiri,Tamako Market,16,
Tamako Kitashirakawa,Tamako Market,16,
Echizen,Tanaka-kun wa Itsumo Kedaruge,15 / 16,
Miyano,Tanaka-kun wa Itsumo Kedaruge,15 / 16,
Oota,Tanaka-kun wa Itsumo Kedaruge,15 / 16,
Rino Tanaka,Tanaka-kun wa Itsumo Kedaruge,14 / 15,
Saya Oota,Tanaka-kun wa Itsumo Kedaruge,14,
Shiraishi,Tanaka-kun wa Itsumo Kedaruge,15 / 16,
Tanaka,Tanaka-kun wa Itsumo Kedaruge,15 / 16,
Kirie Kanoe,Tasogare Otome x Amnesia,14,
Momoe Okonogi,Tasogare Otome x Amnesia,14,
Teiichi Niiya,Tasogare Otome x Amnesia,14,
Yuuko Kanoe,Tasogare Otome x Amnesia,17,
Yuuko Kirishima,Tasogare Otome x Amnesia,14,
Raphtalia,Tate no Yuusha no Nariagari,10,Mentally underage
Assistant,Tejina Senpai,15 / 16,
Ai Hidaka,The Idolmaster,13,
Aiko Takamori,The Idolmaster,16,
Akane Hino,The Idolmaster,17,
Akane Nonohara,The Idolmaster,16,
Akari Tsujino,The Idolmaster,15,
Akiha Ikebukuro,The Idolmaster,14,
Akira Sunazuka,The Idolmaster,15,
Ako Tsuchiya,The Idolmaster,15,
Amana Osaki,The Idolmaster,17,
Ami Futami,The Idolmaster,13,
Anastasia,The Idolmaster,15,
Anna Mochizuki,The Idolmaster,14,
Anzu Futaba,The Idolmaster,17,
Aoi Shuto,The Idolmaster,13,
Arisa Matsuda,The Idolmaster,16,
Asahi Serizawa,The Idolmaster,14,
Asuka Ninomiya,The Idolmaster,14,
Atsumi Munakata,The Idolmaster,14,
Ayame Hamaguchi,The Idolmaster,15,
Azuki Momoi,The Idolmaster,15,
Cathy Graham,The Idolmaster,15,
Chieri Ogata,The Idolmaster,16,
Chihaya Kisaragi,The Idolmaster,16,
Chiyo Shirayuki,The Idolmaster,17,
Chiyoko Sonoda,The Idolmaster,17,
Chizuru Matsuo,The Idolmaster,15,
Elena Shimabara,The Idolmaster,17,
Emi Namba,The Idolmaster,17,
Emily Stewart,The Idolmaster,13,
Eri Mizutani,The Idolmaster,15,
Erika Akanishi,The Idolmaster,16,
Fuka Asano,The Idolmaster,16,
Haena Ryoo,The Idolmaster,16,
Hajime Fujiwara,The Idolmaster,16,
Haruka Amami,The Idolmaster,17,
Hasumi Nagatomi,The Idolmaster,16,
Hayate Hisakawa,The Idolmaster,14,
Hibiki Ganaha,The Idolmaster,16,
Hijiri Mochizuki,The Idolmaster,13,
Hikaru Nanjo,The Idolmaster,14,
Hinako Kita,The Idolmaster,15,
Hinana Ichikawa,The Idolmaster,15,
Hinata Kinoshita,The Idolmaster,14,
Hiori Kazano,The Idolmaster,15,
Hiromi Seki,The Idolmaster,14,
Honami Nishikawa,The Idolmaster,16,
Honoka Ayase,The Idolmaster,17,
Hotaru Shiragiku,The Idolmaster,13,
Iku Nakatani,The Idolmaster,10,
Iori Minase,The Idolmaster,15,
Izumi Ohishi,The Idolmaster,15,
Julia,The Idolmaster,16,
Juney,The Idolmaster,16,
Juri Saijo,The Idolmaster,17,
Kaho Komiya,The Idolmaster,12,
Kana Imai,The Idolmaster,16,
Kana Yabuki,The Idolmaster,14,
Kanade Hayami,The Idolmaster,17,
Kanako Mimura,The Idolmaster,17,
Karen Hojo,The Idolmaster,16,
Karen Shinomiya,The Idolmaster,16,
Karin Domyoji,The Idolmaster,17,
Kirari Moroboshi,The Idolmaster,17,
Kiriko Yukoku,The Idolmaster,17,
Kiyomi Saejima,The Idolmaster,15,
Koharu Koga,The Idolmaster,12,
Koito Fukumaru,The Idolmaster,16,
Kotoka Saionji,The Idolmaster,17,
Koume Shirasaka,The Idolmaster,13,
Kurumi Ohnuma,The Idolmaster,13,
Kyoko Igarashi,The Idolmaster,15,
Layla,The Idolmaster,16,
Madoka Higuchi,The Idolmaster,17,
Mahiro Kitagawa,The Idolmaster,17,
Makoto Kikuchi,The Idolmaster,16 / 17,
Mami Futami,The Idolmaster,13,
Mano Sakuragi,The Idolmaster,16,
Mayu Sakuma,The Idolmaster,16,
Megumi Tokoro,The Idolmaster,16,
Meguru Hachimiya,The Idolmaster,16,
Michiru Ohara,The Idolmaster,15,
Miho Kohinata,The Idolmaster,17,
Mika Jougasaki,The Idolmaster,17,
Miki Hoshii,The Idolmaster,15,
Miku Maekawa,The Idolmaster,15,
Mio Honda,The Idolmaster,15,
Mirai Kasuga,The Idolmaster,14,
Mirei Hayasaka,The Idolmaster,14,
Miu Yaguchi,The Idolmaster,14,
Miya Miyao,The Idolmaster,17,
Miyako Anzai,The Idolmaster,16,
Miyuki Yanase,The Idolmaster,14,
Mizuki Makabe,The Idolmaster,17,
Momoka Sakurai,The Idolmaster,12,
Momoko Suou,The Idolmaster,11,
Mutsumi Ujiie,The Idolmaster,13,
Nagi Hisakawa,The Idolmaster,14,
Naho Ebihara,The Idolmaster,17,
Nana Abe,The Idolmaster,17,
Nanami Asari,The Idolmaster,14,
Nao Kamiya,The Idolmaster,17,
Nao Yokoyama,The Idolmaster,17,
Nene Kurihara,The Idolmaster,15,
Nono Morikubo,The Idolmaster,14,
Noriko Shiina,The Idolmaster,13,
Ranko Kanzaki,The Idolmaster,14,
Reina Koseki,The Idolmaster,13,
Riina Tada,The Idolmaster,17,
Rika Jougasaki,The Idolmaster,12,
Rin Shibuya,The Idolmaster,15,
Rinze Morino,The Idolmaster,16,
Roco Handa,The Idolmaster,15,
Ryo Akizuki,The Idolmaster,15,
Sachiko Koshimizu,The Idolmaster,14,
Sae Kobayakawa,The Idolmaster,15,
Saki Yoshioka,The Idolmaster,17,
Sakura Muramatsu,The Idolmaster,15,
Sana Miyoshi,The Idolmaster,14,
Satomi Sakakibara,The Idolmaster,17,
Sayoko Takayama,The Idolmaster,17,
Serika Hakozaki,The Idolmaster,13,
Setsuna Imura,The Idolmaster,17,
Shiho Kitazawa,The Idolmaster,14,
Shika Kuroi,The Idolmaster,17,
Shinobu Kudo,The Idolmaster,16,
Shizuka Mogami,The Idolmaster,14,
Shizuku Oikawa,The Idolmaster,16,
Shouta Mitarai,The Idolmaster,14,
Sora Nonomura,The Idolmaster,15,
Subaru Nagayoshi,The Idolmaster,15,
Suzuho Ueda,The Idolmaster,14,
Syoko Hoshi,The Idolmaster,15,
Tamaki Ogami,The Idolmaster,12,
Tamami Wakiyama,The Idolmaster,16,
Tenka Osaki,The Idolmaster,17,
Tomoe Murakami,The Idolmaster,13,
Tomoka Tenkubashi,The Idolmaster,15,
Tomoka Wakabayashi,The Idolmaster,17,
Toru Asakura,The Idolmaster,17,
Touma Amagase,The Idolmaster,17,
Tsubasa Ibuki,The Idolmaster,14,
Tsumugi Shiraishi,The Idolmaster,17,
Umi Kousaka,The Idolmaster,16,
Uzuki Shimamura,The Idolmaster,17,
Yao Fueifuei,The Idolmaster,15,
Yasuha Okazaki,The Idolmaster,16,
Yayoi Takatsuki,The Idolmaster,14,
Yoriko Furusawa,The Idolmaster,17,
Yoshino Yorita,The Idolmaster,16,
Yui Ohtsuki,The Idolmaster,17,
Yujin Im,The Idolmaster,15,
Yukari Mizumoto,The Idolmaster,15,
Yukiho Hagiwara,The Idolmaster,17,
Yuko Hori,The Idolmaster,16,
Yumeko Sakurai,The Idolmaster,15,
Yuriko Nanao,The Idolmaster,15,
Yuuki Otokura,The Idolmaster,13,
Yuzu Kitami,The Idolmaster,15,
Hayato Akiyama,The Idolmaster Sidem,17,
Link,The Legend of Zelda,12-17~,Unless it takes place on Spirit Tracks
Zelda,The Legend of Zelda,12-17~,Unless it takes place on Spirit Tracks
Haruhi Suzumiya,The Melancholy of Haruhi Suzumiya,15 / 16,She goes to college in one of the timelines
Itsuki Koizumi,The Melancholy of Haruhi Suzumiya,16 / 17,
Kunikida,The Melancholy of Haruhi Suzumiya,16 / 17,
Kyon,The Melancholy of Haruhi Suzumiya,15-17,
Ryouko Asakura,The Melancholy of Haruhi Suzumiya,15 / 16,
Sasaki,The Melancholy of Haruhi Suzumiya,16,
Taniguchi,The Melancholy of Haruhi Suzumiya,16 / 17,
Tsuruya,The Melancholy of Haruhi Suzumiya,15 / 16,
Yuki Nagato,The Melancholy of Haruhi Suzumiya,15-17,
Blue Rose,Tiger and Bunny,16 / 17,Unless it takes place after the epilogue
Dragon Kid / Pao-Lin Huang,Tiger and Bunny,13-15,
Tomoko Hoshina,To Heart,16 / 17,
Golden Darkness,To LOVE-Ru,14 / 15,
Haruna Sairenji,To LOVE-Ru,15 / 16,
Kyouko Kirisaki,To LOVE-Ru,17,
Lala Satalin Deviluke,To LOVE-Ru,15 / 16,
Mea Kurosaki,To LOVE-Ru,<15,
Mikan Yuuki,To LOVE-Ru,11 / 12,
Momo Belia Deviluke,To LOVE-Ru,<16,
Nana Astar Deviluke,To LOVE-Ru,<16,
Nemesis,To LOVE-Ru,15 / 16,
Oshizu Murasame,To LOVE-Ru,16,
Rin Kujou,To LOVE-Ru,16 / 17,
Risa Momioka,To LOVE-Ru,15 / 16,
Rito Yuuki,To LOVE-Ru,15 / 16,
Run Elsie Jewelria,To LOVE-Ru,15 / 16,
Saki Tenjouin,To LOVE-Ru,16 / 17,
Yui Kotegawa,To LOVE-Ru,15 / 16,
Mikoto Misaka,Toaru Majutsu no Index / Toaru Kagaku no Railgun,14,
Misaki Shokuhou,Toaru Majutsu no Index / Toaru Kagaku no Railgun,13-14~,
Saten Ruiko,Toaru Majutsu no Index / Toaru Kagaku no Railgun,12 / 13,
Shirai Kuroko,Toaru Majutsu no Index / Toaru Kagaku no Railgun,12 / 13,
Touma Kamijou,Toaru Majutsu no Index / Toaru Kagaku no Railgun,15,
Ikuno Komaki,ToHeart2,<15,
Karin Sasamori,ToHeart2,16 / 17,
Konomi Yuzuhara,ToHeart2,15 / 16,
Manaka Komaki,ToHeart2,16 / 17,
Ruri Himeyuri,ToHeart2,15 / 16,
Sango Himeyuri,ToHeart2,15 / 16,
Takaaki Kouno,ToHeart2,16 / 17,
Yuma Tonami,ToHeart2,16 / 17,
Akari Amano,Tonari no Kyuuketsuki-san,15 / 16,
Aya Arisugawa,tonikaku kawaii | fly me to the moon,17,
Chitose Kaginoji,tonikaku kawaii | fly me to the moon,14,
Kaname Arisugawa,tonikaku kawaii | fly me to the moon,15,
Tsukasa Tsukuyomi,tonikaku kawaii | fly me to the moon,16,
Ami Kawashima,Toradora,16 / 17,
Hisamitsu Noto,Toradora,17,
Koji Haruta,Toradora,17,
Kota Tomiie,Toradora,15,
Maya Kihara,Toradora,17,
Minori Kushieda,Toradora,16,
Sumire Kano,Toradora,17,
Taiga Aisaka,Toradora,17,
Yusaku Kitamura,Toradora,16,
Chiyuri Kitashirakawa,Touhou Project,15,
Marisa Kirisame,Touhou Project,14~,
Reimu Hakurei,Touhou Project,14~,
Sanae Kochiya,Touhou Project,14~,
Sumireko Usami,Touhou Project,15 / 16,
Charlotte Abelfreyja Drossel,Violet Evergarden,14,
Leon Stephanotis,Violet Evergarden,16,
Violet Evergarden,Violet Evergarden,?,"According to some sites she's 14, but there's no concrete evidence. Nonetheless, Fled said she was underage"
miku hatsune,Vocaloid,16,
Seiji Amasawa,Whisper of the Heart,14 / 15,
Shizuku Tsukishima,Whisper of the Heart,14 / 15,
Yuko Harada,Whisper of the Heart,14 / 15,
Mahiru Inami,Working,17,
Poplar Taneshima,Working,17,
Souta Takanashi,Working,16,
Rex,Xenoblade Chronicles 2,15,
Lin,Xenoblade X,13,
Emeralda Kasim,Xenogears,16,
Maria Balthasar,Xenogears,13,
MOMO Mizrahi,Xenosaga,12,
Sayaka Saeki,Yagate Kimi ni Naru,16 / 17,
Touko Nanami,Yagate Kimi ni Naru,16 / 17,
Yuu Koito,Yagate Kimi ni Naru,15 / 16,
Hachiman Hikigaya,Yahari Ore no Seishun Love Come wa Machigatteiru,16 / 17,
Hayato Hayama,Yahari Ore no Seishun Love Come wa Machigatteiru,16 / 17,
Hina Ebina,Yahari Ore no Seishun Love Come wa Machigatteiru,16 / 17,
Iroha Isshiki,Yahari Ore no Seishun Love Come wa Machigatteiru,15,
Komachi Hikigaya,Yahari Ore no Seishun Love Come wa Machigatteiru,14,
Meguri Shiromeguri,Yahari Ore no Seishun Love Come wa Machigatteiru,17,
Minami Sagami,Yahari Ore no Seishun Love Come wa Machigatteiru,16 / 17,
Saika Totsuka,Yahari Ore no Seishun Love Come wa Machigatteiru,16 / 17,
Saki Kawasaki,Yahari Ore no Seishun Love Come wa Machigatteiru,16 / 17,
Yui Yuigahama,Yahari Ore no Seishun Love Come wa Machigatteiru,16 / 17,
Yukino Yukinoshita,Yahari Ore no Seishun Love Come wa Machigatteiru,16 / 17,
Yumiko Miura,Yahari Ore no Seishun Love Come wa Machigatteiru,16 / 17,
Fuuka Ayase,Yotsubato,17,
Declan Akaba,Yu-Gi-Oh ARC-V,16,
Gong Strong,Yu-Gi-Oh ARC-V,14,
Shay Obsidian,Yu-Gi-Oh ARC-V,17,
Sora Perse,Yu-Gi-Oh ARC-V,13,
Yugo,Yu-Gi-Oh ARC-V,14,
Yuya Sakaki,Yu-Gi-Oh ARC-V,14,
Zuzu Boyle,Yu-Gi-Oh ARC-V,14,
Alexis Rhodes,Yu-Gi-Oh GX,15-17,
Chazz Princeton,Yu-Gi-Oh GX,15-17,
Jaden Yuki,Yu-Gi-Oh GX,15-17,
Syrus Truesdale,Yu-Gi-Oh GX,15-17,
Yusaku Fujiki,Yu-Gi-Oh VRAINS,16,
Quattro,Yu-Gi-Oh ZEXAL,17,
Reginald Kastle,Yu-Gi-Oh ZEXAL,14,
Rio Kastle,Yu-Gi-Oh ZEXAL,14,
Tori Meadows,Yu-Gi-Oh ZEXAL,13,
Yuma Tsukumo,Yu-Gi-Oh ZEXAL,13,
Guang Hong Ji,Yuri on Ice,17,
Kenjirou Minami,Yuri on Ice,17,
Yuri Plisetsky,Yuri on Ice,15 / 16,
Yuuto Omiki,Yuri on Ice,17,
Aoi Inuyama,Yuru Camp,14-16,
Chiaki Oogaki,Yuru Camp,14-16,
Ena Saitou,Yuru Camp,14-16,
Nadeshiko Kagamihara,Yuru Camp,14-16,
Rin Shima,Yuru Camp,14-16,
Akari Akaza,YuruYuri,14,
Ayano Sugiura,YuruYuri,14,
Chinatsu Yoshikawa,YuruYuri,13,
Chitose Ikeda,YuruYuri,14,
Chizuru Ikeda,YuruYuri,14,
Himawari Furutani,YuruYuri,13,
Hiro Takaoka,YuruYuri,13,
Kyouko Toshinou,YuruYuri,14,
Momoka Adachi,YuruYuri,?,"Unknown age, but underage"
Rise Matsumoto,YuruYuri,15,
Sakurako Ohmuro,YuruYuri,13,
Sara Hirose,YuruYuri,?,"Unknown age, but underage"
Takane Dezaki,YuruYuri,?,"Unknown age, but underage"
Yui Funami,YuruYuri,14,
Henrietta de Tristain,Zero no Tsukaima,17,
Louise Francoise le Blanc de la Valliere,Zero no Tsukaima,16 / 17,
Siesta,Zero no Tsukaima,17,
Tabitha Helene Orleans de Gallia,Zero no Tsukaima,15,
Tiffania Westwood,Zero no Tsukaima,16,
Ai Mizuno,Zombie Land Saga,16,
Lily Hoshikawa,Zombie Land Saga,12,
Sakura Minamoto,Zombie Land Saga,17,
Higuchi Kaede,,17,
Kizuna AI,,16,
Tsukino Mito,,16,
Shino Inuzuka,Hakkenden,13,
Houshou Marine,Hololive,17,
Leonardo B Harwey,Fate Grand Order / Fate Stay Night / Fate Apocrypha,17,
Elizabeth Bathory,Fate Grand Order / Fate Stay Night / Fate Apocrypha,14,
Kiyohime,Fate Grand Order / Fate Stay Night / Fate Apocrypha,13,